<?xml version="1.0" encoding="utf-8" ?><dwsync><file name="index.html" server="Macintosh HD/Library/WebServer/Documents/niklever.com/" local="3619446533" remote="3619446533" Dst="-1" /><file name="game.js" server="Macintosh HD/Library/WebServer/Documents/niklever.com/" local="3619451891" remote="3619451891" Dst="-1" /><file name="game.js" server="46.32.240.13/public_html/" local="3620102323" remote="3620098680" Dst="-1" /><file name="index.html" server="46.32.240.13/public_html/" local="3620108674" remote="3620105040" Dst="-1" /><file name="USUZI.woff" server="46.32.240.13/public_html/" local="3619757590" remote="3619927560" Dst="-1" /><file name="game.js" server="Macintosh HD/Library/WebServer/Documents/" local="3620106129" remote="3620106129" Dst="-1" /><file name="index.html" server="Macintosh HD/Library/WebServer/Documents/" local="3620109357" remote="3620109357" Dst="-1" /><file name="USUZI.woff" server="Macintosh HD/Library/WebServer/Documents/" local="3619757590" remote="3619757590" Dst="-1" /></dwsync>